Server,Transactions
ieo2wlzsoax01/10.142.4.18/soa_server1,35538
Total,35538

Date,Time,Application,Service,No. of Requests,Min Time(ms),Max Time(ms),Avg Time(ms)
22/07/2019,07:45,tbhs,SubscriptionManagement_V1_0.getSubscription,4,855,14682,8261
22/07/2019,08:00,UNKNOWN,ManageAddOn_1_0.checkAddOn_1,13,13951,26084,20094
22/07/2019,08:00,tbhs,SubscriptionManagement_V1_0.getSubscription,50,463,13414,2984
22/07/2019,08:00,thbs,ProductOrderingManagement_V1_0.getOrder,10,2680,11407,5743
22/07/2019,08:15,tbhs,SubscriptionManagement_V1_0.getSubscription,17,419,3293,1073
22/07/2019,08:15,thbs,ProductOrderingManagement_V1_0.getOrder,13,1711,5250,3634
22/07/2019,08:30,soaag,ABOXManagement_V1_0.changeStatus,1,7619,7619,7619
22/07/2019,08:30,tbhs,SubscriptionManagement_V1_0.getSubscription,17,420,2517,900
22/07/2019,08:30,thbs,ProductOrderingManagement_V1_0.getOrder,9,2163,10527,4555
22/07/2019,08:30,thbs,SubscriptionManagement_V1_0.changeStatus,1,20336,20336,20336
22/07/2019,09:30,thbs,ProductOrderingManagement_V1_0.getOrder,9,5094,8260,6518
22/07/2019,10:15,THBS,ProductOfferingQualification_V1_0.getProductOfferingQualification,31,472,7185,2490
22/07/2019,10:30,oxygen8,Charge_1_0.directDebit,2,5347,5417,5382
22/07/2019,10:30,test111,BalanceManagement_1_0.balance,2,607,652,630
22/07/2019,10:30,test111,CreditVettingFraud_V1_0.cvfEligibityStatus,2,17227,17233,17230
22/07/2019,10:30,test111,O2IE_ManageCheckPoint_1_0.getCustomerIdentityDetails_1,2,128,173,150
22/07/2019,10:30,thbs,BillingManagement_V1_0.billingAccount,1,753,753,753
22/07/2019,10:30,thbs,OrderManagement_V1_0.updateOrderDetails,4,10083,10113,10097
22/07/2019,10:30,thbs,ProductOrderingManagement_V1_0.getOrder,3,5196,18631,11323
22/07/2019,10:30,thbs,ProductOrderingManagement_V1_0.modifyOrder,96,4621,18768,5368
22/07/2019,10:30,worldPay,WorldPayNotification_V1_0.notify,2,1480,1483,1482
22/07/2019,10:45,thbs,ProductOrderingManagement_V1_0.modifyOrder,439,4575,13198,4687
22/07/2019,11:00,SFDC,AccountManagement_V1_0.createAccount,3,2284,12273,7276
22/07/2019,11:00,THBS,AccountManagement_V1_0.getContacts,6,483,4508,2119
22/07/2019,11:00,thbs,AccountManagement_V1_0.getAccount,2,675,10173,5424
22/07/2019,11:00,thbs,ProductOrderingManagement_V1_0.modifyOrder,145,4575,6721,4633
22/07/2019,11:15,THBS,CheckNumber_V1_0.checkNumber,4,8074,9648,8480
22/07/2019,11:15,test111,AmountCharging_1_0.chargeAmount,2,2526,3891,3208
22/07/2019,11:15,test111,BalanceManagement_1_0.balance,3,609,624,617
22/07/2019,11:15,thbs,BillingManagement_V1_0.billingAccount,4,677,708,690
22/07/2019,11:30,SFDC,AccountManagement_V1_0.createAccount,4,1455,5563,2618
22/07/2019,11:30,THBS,AccountManagement_V1_0.getContacts,10,463,2099,957
22/07/2019,11:30,UNKNOWN,CVFDocumentVerification_V1_0.cvfDocumentStatus,23,3188,5946,3407
22/07/2019,11:30,soaag,AmountCharging_1_0.refundAmount,3,522,580,548
22/07/2019,11:30,thbs,AccountManagement_V1_0.getAccount,3,540,4026,1902
22/07/2019,11:45,SFDC,AccountManagement_V1_0.createAccount,4,1120,3067,1808
22/07/2019,11:45,THBS,AccountManagement_V1_0.getContacts,6,503,9580,3100
22/07/2019,11:45,THBS,ContactManagement_V1_0.createContact,1,12489,12489,12489
22/07/2019,11:45,UNKNOWN,CVFDocumentVerification_V1_0.cvfDocumentStatus,164,3168,4229,3247
22/07/2019,11:45,soaag,AmountCharging_1_0.refundAmount,16,422,566,495
22/07/2019,11:45,soaag,CustomerCreation_V1_0.createAccount,1,989,989,989
22/07/2019,11:45,thbs,AccountManagement_V1_0.getAccount,2,1388,2745,2066
22/07/2019,11:45,thbs,ContactManagement_V1_0.updateContact,1,1942,1942,1942
22/07/2019,12:00,UNKNOWN,CVFDocumentVerification_V1_0.cvfDocumentStatus,156,3169,4467,3221
22/07/2019,12:00,WorldPay,WorldPayNotification_V1_0.notify,1,1284,1284,1284
22/07/2019,12:00,soaag,AmountCharging_1_0.refundAmount,17,369,541,462
22/07/2019,12:15,UNKNOWN,CVFDocumentVerification_V1_0.cvfDocumentStatus,178,3166,8191,3300
22/07/2019,12:15,soaag,AmountCharging_1_0.refundAmount,17,368,634,452
22/07/2019,12:15,test111,AmountCharging_1_0.chargeAmount,4,905,932,922
22/07/2019,12:15,test111,BalanceManagement_1_0.balance,3,588,594,591
22/07/2019,12:15,thbs,BillingManagement_V1_0.billingAccount,2,662,674,668
22/07/2019,12:30,UNKNOWN,CVFDocumentVerification_V1_0.cvfDocumentStatus,148,3165,16427,3306
22/07/2019,12:30,soaag,AmountCharging_1_0.refundAmount,19,365,642,464
22/07/2019,12:30,test111,AmountCharging_1_0.chargeAmount,4,936,1005,974
22/07/2019,12:30,test111,BalanceManagement_1_0.balance,9,573,647,605
22/07/2019,12:30,thbs,BillingManagement_V1_0.billingAccount,7,629,710,676
22/07/2019,12:45,SMS,SMSPermissionsMgmt_V1_0.getKeywordPermissions,3,1945,9293,4898
22/07/2019,12:45,test111,AmountCharging_1_0.chargeAmount,3,956,1021,989
22/07/2019,13:00,WorldPay,WorldPayNotification_V1_0.notify,6,467,383141,128276
22/07/2019,13:00,test111,BalanceManagement_1_0.balance,8,583,670,615
22/07/2019,13:15,WorldPay,WorldPayNotification_V1_0.notify,3,382849,384617,383459
22/07/2019,13:15,soaag,ManageUpgrade_1_0.getUpgradeEligibility,1,3418,3418,3418
22/07/2019,14:30,SFDC,AccountManagement_V1_0.createAccount,2,11064,24566,17815
22/07/2019,14:30,THBS,Communication_V1_0.notifyCustomer,1,3610,3610,3610
22/07/2019,14:30,THBS,ProductOfferingQualification_V1_0.checkProductOfferingQualification,1,9098,9098,9098
22/07/2019,14:30,THBS,ProductOfferingQualification_V1_0.getProductOfferingQualification,1,7702,7702,7702
22/07/2019,14:30,UNKNOWN,O2IE_ManageBillDetails_1_0.getUnbilledAmount_1,1,755,755,755
22/07/2019,14:30,test11,CheckNumber_V1_0.checkNumber,1,17781,17781,17781
22/07/2019,14:30,test11,CreditVettingFraud_V1_0.cvfEligibityCheck,1,1510,1510,1510
22/07/2019,14:30,thbs,AccountManagement_V1_0.getAccount,1,13104,13104,13104
22/07/2019,14:30,thbs,AccountManagement_V1_0.getContacts,1,4594,4594,4594
22/07/2019,14:30,thbs,ProductOrderingManagement_V1_0.getOrder,6,1643,8546,5259
22/07/2019,14:30,thbs,ProfileAndPermissionsMgmt_V1_0.getProfile,3,33889,34956,34256
22/07/2019,14:30,thbs,SubscriptionManagement_V1_0.getContact,1,3624,3624,3624
22/07/2019,14:30,thbs,SubscriptionManagement_V1_0.getSubscription,1,3669,3669,3669
22/07/2019,14:30,worldPay,WorldPayNotification_V1_0.notify,1,389838,389838,389838
22/07/2019,14:45,soaag,ManageUpgrade_1_0.getUpgradeEligibility,2,1097,4401,2749
22/07/2019,14:45,thbs,CheckTransaction_V1_0.checkTransaction,1,2693,2693,2693
22/07/2019,15:15,THBS,AccountManagement_V1_0.getContacts,5,647,859,793
22/07/2019,15:30,soaag,PaymentManagement_V1_0.validateBankAccount,20,169,1436,320
22/07/2019,15:45,soaag,PaymentManagement_V1_0.validateBankAccount,6,165,240,193
22/07/2019,17:00,THBS,CheckNumber_V1_0.checkNumber,1,51839,51839,51839
22/07/2019,17:00,THBS,Communication_V1_0.notifyCustomer,3,2667,2678,2673
22/07/2019,17:00,oxygen8,Charge_1_0.directDebit,1,25868,25868,25868
22/07/2019,17:00,soaag,PaymentManagement_V1_0.validateBankAccount,2,18189,19454,18822
22/07/2019,17:00,test111,AmountCharging_1_0.chargeAmount,4,10876,10956,10904
22/07/2019,17:00,test111,BalanceManagement_1_0.balance,4,3423,3425,3424
22/07/2019,17:00,test111,CreditVettingFraud_V1_0.cvfEligibityStatus,2,27785,27839,27812
22/07/2019,17:00,test111,O2IE_ManageCheckPoint_1_0.getCustomerIdentityDetails_1,2,260,268,264
22/07/2019,17:00,thbs,BillingManagement_V1_0.billingAccount,3,4608,4608,4608
22/07/2019,17:00,thbs,CheckTransaction_V1_0.checkTransaction,3,2728,2791,2765
22/07/2019,17:00,thbs,OrderManagement_V1_0.updateOrderDetails,1,5100,5100,5100
22/07/2019,17:00,thbs,ProductOrderingManagement_V1_0.getOrder,2,29488,29500,29494
22/07/2019,17:00,thbs,ProfileAndPermissionsMgmt_V1_0.getProfile,2,52431,54533,53482
22/07/2019,17:00,thbs,SubscriptionManagement_V1_0.getSubscription,2,15277,16082,15680
22/07/2019,17:00,worldPay,WorldPayNotification_V1_0.notify,2,2393,2424,2408
22/07/2019,17:15,SFDC,AccountManagement_V1_0.createAccount,4,9363,9470,9405
22/07/2019,17:15,THBS,CheckNumber_V1_0.checkNumber,1,5689,5689,5689
22/07/2019,17:15,THBS,Communication_V1_0.notifyCustomer,4,1357,1436,1396
22/07/2019,17:15,oxygen8,Charge_1_0.directDebit,1,2220,2220,2220
22/07/2019,17:15,soaag,PaymentManagement_V1_0.validateBankAccount,3,1296,1835,1644
22/07/2019,17:15,test111,AmountCharging_1_0.chargeAmount,1,1407,1407,1407
22/07/2019,17:15,test111,BalanceManagement_1_0.balance,3,640,712,670
22/07/2019,17:15,test111,CreditVettingFraud_V1_0.cvfEligibityStatus,1,6373,6373,6373
22/07/2019,17:15,test111,O2IE_ManageCheckPoint_1_0.getCustomerIdentityDetails_1,2,152,221,186
22/07/2019,17:15,thbs,BillingManagement_V1_0.billingAccount,3,818,1686,1118
22/07/2019,17:15,thbs,CheckTransaction_V1_0.checkTransaction,3,1454,1497,1481
22/07/2019,17:15,thbs,OrderManagement_V1_0.updateOrderDetails,2,2385,2424,2404
22/07/2019,17:15,thbs,ProductOrderingManagement_V1_0.getOrder,3,6630,7827,7058
22/07/2019,17:15,thbs,ProductOrderingManagement_V1_0.modifyOrder,1,10236,10236,10236
22/07/2019,17:15,thbs,ProfileAndPermissionsMgmt_V1_0.getProfile,3,8004,8862,8374
22/07/2019,17:15,thbs,SubscriptionManagement_V1_0.getSubscription,5,3250,7676,5173
22/07/2019,17:15,worldPay,WorldPayNotification_V1_0.notify,1,1531,1531,1531
22/07/2019,17:30,SFDC,AccountManagement_V1_0.createAccount,3,7714,9520,8807
22/07/2019,17:30,THBS,CheckNumber_V1_0.checkNumber,3,2235,2804,2488
22/07/2019,17:30,THBS,Communication_V1_0.notifyCustomer,1,1384,1384,1384
22/07/2019,17:30,oxygen8,Charge_1_0.directDebit,2,2612,2785,2698
22/07/2019,17:30,soaag,PaymentManagement_V1_0.validateBankAccount,4,818,897,844
22/07/2019,17:30,test111,AmountCharging_1_0.chargeAmount,1,953,953,953
22/07/2019,17:30,test111,AmountCharging_1_0.refundAmount,3,644,817,755
22/07/2019,17:30,test111,BalanceManagement_1_0.balance,1,645,645,645
22/07/2019,17:30,test111,CreditVettingFraud_V1_0.cvfEligibityStatus,1,4615,4615,4615
22/07/2019,17:30,test111,O2IE_ManageCheckPoint_1_0.getCustomerIdentityDetails_1,3,315,665,541
22/07/2019,17:30,thbs,BillingManagement_V1_0.billingAccount,4,851,1188,1042
22/07/2019,17:30,thbs,CheckTransaction_V1_0.checkTransaction,4,1360,1485,1408
22/07/2019,17:30,thbs,OrderManagement_V1_0.updateOrderDetails,2,2283,2301,2292
22/07/2019,17:30,thbs,ProductOrderingManagement_V1_0.getOrder,3,6203,7505,6774
22/07/2019,17:30,thbs,ProductOrderingManagement_V1_0.modifyOrder,5,8050,9905,9045
22/07/2019,17:30,thbs,ProfileAndPermissionsMgmt_V1_0.getPermissions,6,4943,10478,6781
22/07/2019,17:30,thbs,ProfileAndPermissionsMgmt_V1_0.getProfile,3,6946,7596,7315
22/07/2019,17:30,thbs,SubscriptionManagement_V1_0.getSubscription,6,3341,7005,4966
22/07/2019,17:30,worldPay,WorldPayNotification_V1_0.notify,3,1368,1465,1406
22/07/2019,17:45,SFDC,AccountManagement_V1_0.createAccount,2,7728,8754,8241
22/07/2019,17:45,THBS,CheckNumber_V1_0.checkNumber,1,4857,4857,4857
22/07/2019,17:45,THBS,Communication_V1_0.notifyCustomer,3,1741,2339,2117
22/07/2019,17:45,oxygen8,Charge_1_0.directDebit,3,2568,2674,2606
22/07/2019,17:45,soaag,PaymentManagement_V1_0.validateBankAccount,1,685,685,685
22/07/2019,17:45,test111,AmountCharging_1_0.chargeAmount,4,1063,2011,1748
22/07/2019,17:45,test111,AmountCharging_1_0.refundAmount,4,506,1531,824
22/07/2019,17:45,test111,BalanceManagement_1_0.balance,3,643,1893,1309
22/07/2019,17:45,test111,CreditVettingFraud_V1_0.cvfEligibityStatus,2,4729,4764,4746
22/07/2019,17:45,test111,O2IE_ManageCheckPoint_1_0.getCustomerIdentityDetails_1,1,129,129,129
22/07/2019,17:45,thbs,BillingManagement_V1_0.billingAccount,4,1357,1738,1461
22/07/2019,17:45,thbs,CheckTransaction_V1_0.checkTransaction,3,1769,2409,2183
22/07/2019,17:45,thbs,OrderManagement_V1_0.updateOrderDetails,3,2193,5340,4028
22/07/2019,17:45,thbs,ProductOrderingManagement_V1_0.modifyOrder,2,7491,10503,8997
22/07/2019,17:45,thbs,ProfileAndPermissionsMgmt_V1_0.getPermissions,3,8317,10086,9067
22/07/2019,17:45,thbs,ProfileAndPermissionsMgmt_V1_0.getProfile,2,7943,8963,8453
22/07/2019,17:45,thbs,SubscriptionManagement_V1_0.getSubscription,7,2821,6774,4843
22/07/2019,17:45,worldPay,WorldPayNotification_V1_0.notify,2,1377,2312,1844
22/07/2019,19:30,SFDC,AccountManagement_V1_0.createAccount,2,6446,6504,6475
22/07/2019,19:30,THBS,CheckNumber_V1_0.checkNumber,8,741,834,778
22/07/2019,19:30,THBS,Communication_V1_0.notifyCustomer,41,1097,1915,1212
22/07/2019,19:30,oxygen8,Charge_1_0.directDebit,8,1142,2279,1389
22/07/2019,19:30,soaag,PaymentManagement_V1_0.validateBankAccount,1,641,641,641
22/07/2019,19:30,test111,AmountCharging_1_0.chargeAmount,20,727,1969,888
22/07/2019,19:30,test111,BalanceManagement_1_0.balance,7,558,580,572
22/07/2019,19:30,test111,CreditVettingFraud_V1_0.cvfEligibityStatus,1,3264,3264,3264
22/07/2019,19:30,test111,O2IE_ManageCheckPoint_1_0.getCustomerIdentityDetails_1,39,51,139,79
22/07/2019,19:30,thbs,BillingManagement_V1_0.billingAccount,1,672,672,672
22/07/2019,19:30,thbs,OrderManagement_V1_0.updateOrderDetails,4,2170,3197,2589
22/07/2019,19:30,thbs,ProductOrderingManagement_V1_0.getOrder,1,3083,3083,3083
22/07/2019,19:30,thbs,ProductOrderingManagement_V1_0.modifyOrder,2,4687,4751,4719
22/07/2019,19:30,thbs,ProfileAndPermissionsMgmt_V1_0.getPermissions,22,4815,6728,5300
22/07/2019,19:30,thbs,ProfileAndPermissionsMgmt_V1_0.getProfile,12,3221,3402,3295
22/07/2019,19:30,thbs,SubscriptionManagement_V1_0.getSubscription,14,2719,4074,2907
22/07/2019,19:30,worldPay,WorldPayNotification_V1_0.notify,11,1312,1390,1365
22/07/2019,19:45,SFDC,AccountManagement_V1_0.createAccount,6,6413,7731,6838
22/07/2019,19:45,THBS,CheckNumber_V1_0.checkNumber,9,683,4622,1844
22/07/2019,19:45,THBS,Communication_V1_0.notifyCustomer,60,1091,2159,1204
22/07/2019,19:45,oxygen8,Charge_1_0.directDebit,10,540,1481,890
22/07/2019,19:45,soaag,PaymentManagement_V1_0.validateBankAccount,1,932,932,932
22/07/2019,19:45,test111,AmountCharging_1_0.chargeAmount,12,726,1749,869
22/07/2019,19:45,test111,AmountCharging_1_0.refundAmount,2,390,465,428
22/07/2019,19:45,test111,BalanceManagement_1_0.balance,11,542,1557,657
22/07/2019,19:45,test111,CreditVettingFraud_V1_0.cvfEligibityStatus,3,3238,6153,4214
22/07/2019,19:45,test111,O2IE_ManageCheckPoint_1_0.getCustomerIdentityDetails_1,46,50,214,72
22/07/2019,19:45,thbs,BillingManagement_V1_0.billingAccount,7,635,767,700
22/07/2019,19:45,thbs,CheckTransaction_V1_0.checkTransaction,2,1273,1315,1294
22/07/2019,19:45,thbs,OrderManagement_V1_0.updateOrderDetails,10,2130,2940,2262
22/07/2019,19:45,thbs,ProductOrderingManagement_V1_0.getOrder,6,2803,7131,4822
22/07/2019,19:45,thbs,ProductOrderingManagement_V1_0.modifyOrder,6,4659,8659,6128
22/07/2019,19:45,thbs,ProfileAndPermissionsMgmt_V1_0.getPermissions,24,4793,8696,5448
22/07/2019,19:45,thbs,ProfileAndPermissionsMgmt_V1_0.getProfile,17,3196,8633,4162
22/07/2019,19:45,thbs,SubscriptionManagement_V1_0.getSubscription,20,2693,7771,3554
22/07/2019,19:45,worldPay,WorldPayNotification_V1_0.notify,15,1310,4893,1741
22/07/2019,20:00,SFDC,AccountManagement_V1_0.createAccount,2,6406,6422,6414
22/07/2019,20:00,THBS,CheckNumber_V1_0.checkNumber,18,644,1920,830
22/07/2019,20:00,THBS,Communication_V1_0.notifyCustomer,154,1085,2257,1176
22/07/2019,20:00,oxygen8,Charge_1_0.directDebit,26,1092,2861,1301
22/07/2019,20:00,soaag,PaymentManagement_V1_0.validateBankAccount,4,630,1509,850
22/07/2019,20:00,test111,AmountCharging_1_0.chargeAmount,71,712,1998,776
22/07/2019,20:00,test111,AmountCharging_1_0.refundAmount,8,392,1505,570
22/07/2019,20:00,test111,BalanceManagement_1_0.balance,24,537,823,572
22/07/2019,20:00,test111,CreditVettingFraud_V1_0.cvfEligibityStatus,3,3222,3230,3227
22/07/2019,20:00,test111,O2IE_ManageCheckPoint_1_0.getCustomerIdentityDetails_1,131,47,1402,76
22/07/2019,20:00,thbs,BillingManagement_V1_0.billingAccount,8,632,671,660
22/07/2019,20:00,thbs,CheckTransaction_V1_0.checkTransaction,36,1138,1324,1186
22/07/2019,20:00,thbs,OrderManagement_V1_0.updateOrderDetails,21,2102,3491,2227
22/07/2019,20:00,thbs,ProductOrderingManagement_V1_0.getOrder,6,2757,2806,2787
22/07/2019,20:00,thbs,ProductOrderingManagement_V1_0.modifyOrder,7,4619,5060,4705
22/07/2019,20:00,thbs,ProfileAndPermissionsMgmt_V1_0.getPermissions,58,4680,7302,5047
22/07/2019,20:00,thbs,ProfileAndPermissionsMgmt_V1_0.getProfile,30,3154,4479,3319
22/07/2019,20:00,thbs,SubscriptionManagement_V1_0.getSubscription,51,2668,3529,2755
22/07/2019,20:00,worldPay,WorldPayNotification_V1_0.notify,38,1307,2631,1421
22/07/2019,20:15,SFDC,AccountManagement_V1_0.createAccount,25,6332,7245,6402
22/07/2019,20:15,THBS,CheckNumber_V1_0.checkNumber,66,618,2081,841
22/07/2019,20:15,THBS,Communication_V1_0.notifyCustomer,519,1081,2350,1166
22/07/2019,20:15,oxygen8,Charge_1_0.directDebit,74,1076,2464,1161
22/07/2019,20:15,soaag,PaymentManagement_V1_0.validateBankAccount,26,587,1328,658
22/07/2019,20:15,test111,AmountCharging_1_0.chargeAmount,54,709,1704,747
22/07/2019,20:15,test111,AmountCharging_1_0.refundAmount,37,365,463,405
22/07/2019,20:15,test111,BalanceManagement_1_0.balance,79,536,1683,580
22/07/2019,20:15,test111,CreditVettingFraud_V1_0.cvfEligibityStatus,23,3188,3657,3257
22/07/2019,20:15,test111,O2IE_ManageCheckPoint_1_0.getCustomerIdentityDetails_1,448,45,195,53
22/07/2019,20:15,thbs,BillingManagement_V1_0.billingAccount,18,629,1056,670
22/07/2019,20:15,thbs,CheckTransaction_V1_0.checkTransaction,110,1129,1571,1160
22/07/2019,20:15,thbs,OrderManagement_V1_0.updateOrderDetails,68,2096,3176,2221
22/07/2019,20:15,thbs,ProductOrderingManagement_V1_0.getOrder,31,2745,3991,2918
22/07/2019,20:15,thbs,ProductOrderingManagement_V1_0.modifyOrder,26,4589,5979,4774
22/07/2019,20:15,thbs,ProfileAndPermissionsMgmt_V1_0.getPermissions,219,4625,6272,5010
22/07/2019,20:15,thbs,ProfileAndPermissionsMgmt_V1_0.getProfile,120,3108,5348,3247
22/07/2019,20:15,thbs,SubscriptionManagement_V1_0.getSubscription,141,2639,4023,2737
22/07/2019,20:15,worldPay,WorldPayNotification_V1_0.notify,146,1301,3787,1442
22/07/2019,20:30,SFDC,AccountManagement_V1_0.createAccount,25,6325,7698,6448
22/07/2019,20:30,THBS,CheckNumber_V1_0.checkNumber,68,598,2006,760
22/07/2019,20:30,THBS,Communication_V1_0.notifyCustomer,467,1078,2364,1165
22/07/2019,20:30,oxygen8,Charge_1_0.directDebit,74,1072,2235,1119
22/07/2019,20:30,soaag,PaymentManagement_V1_0.validateBankAccount,20,585,625,598
22/07/2019,20:30,test111,AmountCharging_1_0.refundAmount,33,360,2224,442
22/07/2019,20:30,test111,BalanceManagement_1_0.balance,78,535,1692,581
22/07/2019,20:30,test111,CreditVettingFraud_V1_0.cvfEligibityStatus,28,3168,4462,3310
22/07/2019,20:30,test111,O2IE_ManageCheckPoint_1_0.getCustomerIdentityDetails_1,407,45,73,51
22/07/2019,20:30,thbs,BillingManagement_V1_0.billingAccount,18,622,692,641
22/07/2019,20:30,thbs,CheckTransaction_V1_0.checkTransaction,97,1127,2281,1162
22/07/2019,20:30,thbs,OrderManagement_V1_0.updateOrderDetails,62,2095,3472,2173
22/07/2019,20:30,thbs,ProductOrderingManagement_V1_0.getOrder,23,2735,3639,2816
22/07/2019,20:30,thbs,ProductOrderingManagement_V1_0.modifyOrder,27,4576,5322,4632
22/07/2019,20:30,thbs,ProfileAndPermissionsMgmt_V1_0.getPermissions,202,4602,6244,5027
22/07/2019,20:30,thbs,ProfileAndPermissionsMgmt_V1_0.getProfile,129,3095,4474,3230
22/07/2019,20:30,thbs,SubscriptionManagement_V1_0.getSubscription,146,2613,4145,2730
22/07/2019,20:30,worldPay,WorldPayNotification_V1_0.notify,134,1299,2549,1388
22/07/2019,20:45,SFDC,AccountManagement_V1_0.createAccount,25,6321,7263,6451
22/07/2019,20:45,THBS,CheckNumber_V1_0.checkNumber,68,600,2046,729
22/07/2019,20:45,THBS,Communication_V1_0.notifyCustomer,484,1079,2521,1205
22/07/2019,20:45,oxygen8,Charge_1_0.directDebit,64,1077,1162,1094
22/07/2019,20:45,soaag,PaymentManagement_V1_0.validateBankAccount,20,583,733,612
22/07/2019,20:45,test111,AmountCharging_1_0.refundAmount,33,358,457,383
22/07/2019,20:45,test111,BalanceManagement_1_0.balance,74,535,1953,575
22/07/2019,20:45,test111,CreditVettingFraud_V1_0.cvfEligibityStatus,35,3163,4503,3301
22/07/2019,20:45,test111,O2IE_ManageCheckPoint_1_0.getCustomerIdentityDetails_1,411,46,66,52
22/07/2019,20:45,thbs,BillingManagement_V1_0.billingAccount,16,624,1675,757
22/07/2019,20:45,thbs,CheckTransaction_V1_0.checkTransaction,107,1128,3030,1182
22/07/2019,20:45,thbs,OrderManagement_V1_0.updateOrderDetails,63,2096,3641,2266
22/07/2019,20:45,thbs,ProductOrderingManagement_V1_0.getOrder,34,2726,2920,2770
22/07/2019,20:45,thbs,ProductOrderingManagement_V1_0.modifyOrder,24,4573,7503,4731
22/07/2019,20:45,thbs,ProfileAndPermissionsMgmt_V1_0.getPermissions,198,4607,7956,5049
22/07/2019,20:45,thbs,ProfileAndPermissionsMgmt_V1_0.getProfile,128,3081,4487,3234
22/07/2019,20:45,thbs,SubscriptionManagement_V1_0.getSubscription,116,2609,3336,2710
22/07/2019,20:45,worldPay,WorldPayNotification_V1_0.notify,127,1299,2577,1382
22/07/2019,21:00,SFDC,AccountManagement_V1_0.createAccount,22,6310,6512,6340
22/07/2019,21:00,THBS,CheckNumber_V1_0.checkNumber,65,596,1905,666
22/07/2019,21:00,THBS,Communication_V1_0.notifyCustomer,459,1074,2354,1203
22/07/2019,21:00,oxygen8,Charge_1_0.directDebit,69,1073,1141,1092
22/07/2019,21:00,soaag,PaymentManagement_V1_0.validateBankAccount,19,579,1817,661
22/07/2019,21:00,test111,AmountCharging_1_0.refundAmount,30,354,422,376
22/07/2019,21:00,test111,BalanceManagement_1_0.balance,64,535,1900,596
22/07/2019,21:00,test111,CreditVettingFraud_V1_0.cvfEligibityStatus,25,3157,4215,3268
22/07/2019,21:00,test111,O2IE_ManageCheckPoint_1_0.getCustomerIdentityDetails_1,398,46,79,53
22/07/2019,21:00,thbs,BillingManagement_V1_0.billingAccount,17,626,1670,697
22/07/2019,21:00,thbs,CheckTransaction_V1_0.checkTransaction,98,1128,2543,1197
22/07/2019,21:00,thbs,OrderManagement_V1_0.updateOrderDetails,50,2094,3140,2207
22/07/2019,21:00,thbs,ProductOrderingManagement_V1_0.getOrder,25,2728,3747,2827
22/07/2019,21:00,thbs,ProductOrderingManagement_V1_0.modifyOrder,30,4562,6446,4700
22/07/2019,21:00,thbs,ProfileAndPermissionsMgmt_V1_0.getPermissions,182,4594,6503,4965
22/07/2019,21:00,thbs,ProfileAndPermissionsMgmt_V1_0.getProfile,116,3075,4489,3191
22/07/2019,21:00,thbs,SubscriptionManagement_V1_0.getSubscription,107,2606,4165,2724
22/07/2019,21:00,worldPay,WorldPayNotification_V1_0.notify,118,1299,2796,1425
22/07/2019,21:15,SFDC,AccountManagement_V1_0.createAccount,27,6308,7841,6465
22/07/2019,21:15,THBS,CheckNumber_V1_0.checkNumber,81,592,2164,754
22/07/2019,21:15,THBS,Communication_V1_0.notifyCustomer,482,1076,2563,1184
22/07/2019,21:15,oxygen8,Charge_1_0.directDebit,72,1076,2292,1113
22/07/2019,21:15,soaag,PaymentManagement_V1_0.validateBankAccount,14,580,611,586
22/07/2019,21:15,test111,AmountCharging_1_0.refundAmount,44,351,3894,484
22/07/2019,21:15,test111,BalanceManagement_1_0.balance,75,536,1768,589
22/07/2019,21:15,test111,CreditVettingFraud_V1_0.cvfEligibityStatus,30,3154,4368,3281
22/07/2019,21:15,test111,O2IE_ManageCheckPoint_1_0.getCustomerIdentityDetails_1,443,47,1584,61
22/07/2019,21:15,thbs,BillingManagement_V1_0.billingAccount,22,624,1727,688
22/07/2019,21:15,thbs,CheckTransaction_V1_0.checkTransaction,115,1128,1753,1162
22/07/2019,21:15,thbs,OrderManagement_V1_0.updateOrderDetails,61,2095,3360,2239
22/07/2019,21:15,thbs,ProductOrderingManagement_V1_0.getOrder,26,2726,3934,2849
22/07/2019,21:15,thbs,ProductOrderingManagement_V1_0.modifyOrder,26,4563,5444,4702
22/07/2019,21:15,thbs,ProfileAndPermissionsMgmt_V1_0.getPermissions,229,4589,6507,5048
22/07/2019,21:15,thbs,ProfileAndPermissionsMgmt_V1_0.getProfile,126,3073,4323,3179
22/07/2019,21:15,thbs,SubscriptionManagement_V1_0.getSubscription,127,2604,3686,2669
22/07/2019,21:15,worldPay,WorldPayNotification_V1_0.notify,152,1299,2480,1417
22/07/2019,21:30,SFDC,AccountManagement_V1_0.createAccount,23,6308,7692,6458
22/07/2019,21:30,THBS,CheckNumber_V1_0.checkNumber,80,588,4003,850
22/07/2019,21:30,THBS,Communication_V1_0.notifyCustomer,482,1074,2904,1196
22/07/2019,21:30,oxygen8,Charge_1_0.directDebit,72,1069,2452,1158
22/07/2019,21:30,soaag,PaymentManagement_V1_0.validateBankAccount,13,581,755,611
22/07/2019,21:30,test111,AmountCharging_1_0.refundAmount,37,357,475,380
22/07/2019,21:30,test111,BalanceManagement_1_0.balance,69,534,1912,599
22/07/2019,21:30,test111,CreditVettingFraud_V1_0.cvfEligibityStatus,28,3154,4341,3275
22/07/2019,21:30,test111,O2IE_ManageCheckPoint_1_0.getCustomerIdentityDetails_1,407,46,630,59
22/07/2019,21:30,thbs,BillingManagement_V1_0.billingAccount,25,623,1742,891
22/07/2019,21:30,thbs,CheckTransaction_V1_0.checkTransaction,98,1127,3151,1189
22/07/2019,21:30,thbs,OrderManagement_V1_0.updateOrderDetails,70,2095,3540,2180
22/07/2019,21:30,thbs,ProductOrderingManagement_V1_0.getOrder,18,2724,3866,2962
22/07/2019,21:30,thbs,ProductOrderingManagement_V1_0.modifyOrder,23,4565,4775,4613
22/07/2019,21:30,thbs,ProfileAndPermissionsMgmt_V1_0.getPermissions,201,4588,7961,5038
22/07/2019,21:30,thbs,ProfileAndPermissionsMgmt_V1_0.getProfile,113,3075,5285,3217
22/07/2019,21:30,thbs,SubscriptionManagement_V1_0.getSubscription,130,2600,4952,2726
22/07/2019,21:30,worldPay,WorldPayNotification_V1_0.notify,146,1300,3355,1403
22/07/2019,21:45,SFDC,AccountManagement_V1_0.createAccount,25,6309,7830,6524
22/07/2019,21:45,THBS,CheckNumber_V1_0.checkNumber,82,589,2179,715
22/07/2019,21:45,THBS,Communication_V1_0.notifyCustomer,487,1078,2364,1194
22/07/2019,21:45,oxygen8,Charge_1_0.directDebit,70,1070,2505,1166
22/07/2019,21:45,soaag,PaymentManagement_V1_0.validateBankAccount,21,579,751,597
22/07/2019,21:45,test111,AmountCharging_1_0.refundAmount,34,357,1853,426
22/07/2019,21:45,test111,BalanceManagement_1_0.balance,71,534,1899,642
22/07/2019,21:45,test111,CreditVettingFraud_V1_0.cvfEligibityStatus,36,3154,4415,3282
22/07/2019,21:45,test111,O2IE_ManageCheckPoint_1_0.getCustomerIdentityDetails_1,397,46,122,55
22/07/2019,21:45,thbs,BillingManagement_V1_0.billingAccount,18,621,849,647
22/07/2019,21:45,thbs,CheckTransaction_V1_0.checkTransaction,99,1127,4470,1196
22/07/2019,21:45,thbs,OrderManagement_V1_0.updateOrderDetails,56,2097,3671,2152
22/07/2019,21:45,thbs,ProductOrderingManagement_V1_0.getOrder,30,2724,2972,2792
22/07/2019,21:45,thbs,ProductOrderingManagement_V1_0.modifyOrder,27,4562,5508,4636
22/07/2019,21:45,thbs,ProfileAndPermissionsMgmt_V1_0.getPermissions,208,4585,6453,5008
22/07/2019,21:45,thbs,ProfileAndPermissionsMgmt_V1_0.getProfile,126,3077,4565,3205
22/07/2019,21:45,thbs,SubscriptionManagement_V1_0.getSubscription,118,2601,4088,2716
22/07/2019,21:45,worldPay,WorldPayNotification_V1_0.notify,120,1300,3083,1427
22/07/2019,21:56,test111,O2IE_ManageCheckPoint_1_0.getCustomerIdentityDetails_1,1,59,59,59
22/07/2019,22:00,SFDC,AccountManagement_V1_0.createAccount,21,6307,7672,6465
22/07/2019,22:00,THBS,CheckNumber_V1_0.checkNumber,66,594,2114,727
22/07/2019,22:00,THBS,Communication_V1_0.notifyCustomer,453,1078,2335,1187
22/07/2019,22:00,oxygen8,Charge_1_0.directDebit,53,1078,1994,1116
22/07/2019,22:00,soaag,PaymentManagement_V1_0.validateBankAccount,18,578,773,624
22/07/2019,22:00,test111,AmountCharging_1_0.refundAmount,35,356,434,374
22/07/2019,22:00,test111,BalanceManagement_1_0.balance,54,534,1938,566
22/07/2019,22:00,test111,CreditVettingFraud_V1_0.cvfEligibityStatus,21,3154,4250,3336
22/07/2019,22:00,test111,O2IE_ManageCheckPoint_1_0.getCustomerIdentityDetails_1,394,47,83,56
22/07/2019,22:00,thbs,BillingManagement_V1_0.billingAccount,15,628,664,638
22/07/2019,22:00,thbs,CheckTransaction_V1_0.checkTransaction,97,1131,1871,1162
22/07/2019,22:00,thbs,OrderManagement_V1_0.updateOrderDetails,62,2094,3608,2217
22/07/2019,22:00,thbs,ProductOrderingManagement_V1_0.getOrder,28,2722,3929,2946
22/07/2019,22:00,thbs,ProductOrderingManagement_V1_0.modifyOrder,25,4560,5913,4686
22/07/2019,22:00,thbs,ProfileAndPermissionsMgmt_V1_0.getPermissions,181,4577,5895,5000
22/07/2019,22:00,thbs,ProfileAndPermissionsMgmt_V1_0.getProfile,109,3071,4241,3152
22/07/2019,22:00,thbs,SubscriptionManagement_V1_0.getSubscription,124,2595,4286,2720
22/07/2019,22:00,worldPay,WorldPayNotification_V1_0.notify,137,1298,2550,1405
22/07/2019,22:15,SFDC,AccountManagement_V1_0.createAccount,33,6306,7819,6537
22/07/2019,22:15,THBS,CheckNumber_V1_0.checkNumber,88,592,2147,731
22/07/2019,22:15,THBS,Communication_V1_0.notifyCustomer,494,1081,3177,1210
22/07/2019,22:15,oxygen8,Charge_1_0.directDebit,75,1079,2009,1119
22/07/2019,22:15,soaag,PaymentManagement_V1_0.validateBankAccount,20,580,828,637
22/07/2019,22:15,test111,AmountCharging_1_0.refundAmount,39,362,411,379
22/07/2019,22:15,test111,BalanceManagement_1_0.balance,68,534,1858,579
22/07/2019,22:15,test111,CreditVettingFraud_V1_0.cvfEligibityStatus,35,3155,4406,3276
22/07/2019,22:15,test111,O2IE_ManageCheckPoint_1_0.getCustomerIdentityDetails_1,414,48,1636,62
22/07/2019,22:15,thbs,BillingManagement_V1_0.billingAccount,21,623,1875,793
22/07/2019,22:15,thbs,CheckTransaction_V1_0.checkTransaction,106,1128,3988,1212
22/07/2019,22:15,thbs,OrderManagement_V1_0.updateOrderDetails,59,2096,3111,2195
22/07/2019,22:15,thbs,ProductOrderingManagement_V1_0.getOrder,33,2724,3247,2842
22/07/2019,22:15,thbs,ProductOrderingManagement_V1_0.modifyOrder,31,4560,5514,4640
22/07/2019,22:15,thbs,ProfileAndPermissionsMgmt_V1_0.getPermissions,199,4597,6178,5032
22/07/2019,22:15,thbs,ProfileAndPermissionsMgmt_V1_0.getProfile,127,3082,5008,3188
22/07/2019,22:15,thbs,SubscriptionManagement_V1_0.getSubscription,139,2596,3873,2686
22/07/2019,22:15,worldPay,WorldPayNotification_V1_0.notify,152,1300,2820,1392
22/07/2019,22:30,SFDC,AccountManagement_V1_0.createAccount,23,6311,7708,6511
22/07/2019,22:30,THBS,CheckNumber_V1_0.checkNumber,74,593,2123,734
22/07/2019,22:30,THBS,Communication_V1_0.notifyCustomer,499,1082,2313,1189
22/07/2019,22:30,oxygen8,Charge_1_0.directDebit,69,1076,2340,1134
22/07/2019,22:30,soaag,PaymentManagement_V1_0.validateBankAccount,12,579,789,627
22/07/2019,22:30,test111,AmountCharging_1_0.refundAmount,34,365,1042,400
22/07/2019,22:30,test111,BalanceManagement_1_0.balance,74,535,1892,559
22/07/2019,22:30,test111,CreditVettingFraud_V1_0.cvfEligibityStatus,30,3151,4510,3335
22/07/2019,22:30,test111,O2IE_ManageCheckPoint_1_0.getCustomerIdentityDetails_1,410,49,111,58
22/07/2019,22:30,thbs,BillingManagement_V1_0.billingAccount,16,624,1890,716
22/07/2019,22:30,thbs,CheckTransaction_V1_0.checkTransaction,107,1131,2728,1198
22/07/2019,22:30,thbs,OrderManagement_V1_0.updateOrderDetails,54,2096,3515,2250
22/07/2019,22:30,thbs,ProductOrderingManagement_V1_0.getOrder,29,2724,3713,2941
22/07/2019,22:30,thbs,ProductOrderingManagement_V1_0.modifyOrder,30,4562,5423,4653
22/07/2019,22:30,thbs,ProfileAndPermissionsMgmt_V1_0.getPermissions,199,4593,6064,4995
22/07/2019,22:30,thbs,ProfileAndPermissionsMgmt_V1_0.getProfile,110,3081,4326,3168
22/07/2019,22:30,thbs,SubscriptionManagement_V1_0.getSubscription,119,2603,3770,2690
22/07/2019,22:30,worldPay,WorldPayNotification_V1_0.notify,140,1300,2697,1409
22/07/2019,22:45,SFDC,AccountManagement_V1_0.createAccount,26,6306,7118,6475
22/07/2019,22:45,THBS,CheckNumber_V1_0.checkNumber,71,591,2303,750
22/07/2019,22:45,THBS,Communication_V1_0.notifyCustomer,485,1081,2575,1204
22/07/2019,22:45,oxygen8,Charge_1_0.directDebit,70,1083,1493,1110
22/07/2019,22:45,soaag,PaymentManagement_V1_0.validateBankAccount,21,578,900,628
22/07/2019,22:45,test111,AmountCharging_1_0.refundAmount,33,360,448,382
22/07/2019,22:45,test111,BalanceManagement_1_0.balance,81,535,1892,564
22/07/2019,22:45,test111,CreditVettingFraud_V1_0.cvfEligibityStatus,26,3153,4046,3269
22/07/2019,22:45,test111,O2IE_ManageCheckPoint_1_0.getCustomerIdentityDetails_1,414,48,1685,63
22/07/2019,22:45,thbs,BillingManagement_V1_0.billingAccount,15,622,669,638
22/07/2019,22:45,thbs,CheckTransaction_V1_0.checkTransaction,96,1131,2734,1244
22/07/2019,22:45,thbs,OrderManagement_V1_0.updateOrderDetails,64,2095,3614,2221
22/07/2019,22:45,thbs,ProductOrderingManagement_V1_0.getOrder,31,2724,3788,2863
22/07/2019,22:45,thbs,ProductOrderingManagement_V1_0.modifyOrder,31,4560,5696,4669
22/07/2019,22:45,thbs,ProfileAndPermissionsMgmt_V1_0.getPermissions,190,4573,6642,5033
22/07/2019,22:45,thbs,ProfileAndPermissionsMgmt_V1_0.getProfile,122,3079,4779,3192
22/07/2019,22:45,thbs,SubscriptionManagement_V1_0.getSubscription,126,2601,4640,2720
22/07/2019,22:45,worldPay,WorldPayNotification_V1_0.notify,139,1297,2845,1430
22/07/2019,23:00,SFDC,AccountManagement_V1_0.createAccount,27,6312,7705,6733
22/07/2019,23:00,THBS,CheckNumber_V1_0.checkNumber,55,593,2300,710
22/07/2019,23:00,THBS,Communication_V1_0.notifyCustomer,443,1083,3157,1205
22/07/2019,23:00,oxygen8,Charge_1_0.directDebit,58,1077,2443,1150
22/07/2019,23:00,soaag,PaymentManagement_V1_0.validateBankAccount,14,580,762,636
22/07/2019,23:00,test111,AmountCharging_1_0.refundAmount,33,364,425,384
22/07/2019,23:00,test111,BalanceManagement_1_0.balance,66,536,1888,602
22/07/2019,23:00,test111,CreditVettingFraud_V1_0.cvfEligibityStatus,27,3153,4161,3302
22/07/2019,23:00,test111,O2IE_ManageCheckPoint_1_0.getCustomerIdentityDetails_1,393,49,1742,65
22/07/2019,23:00,thbs,BillingManagement_V1_0.billingAccount,16,624,2607,845
22/07/2019,23:00,thbs,CheckTransaction_V1_0.checkTransaction,94,1133,4671,1219
22/07/2019,23:00,thbs,OrderManagement_V1_0.updateOrderDetails,52,2096,3125,2126
22/07/2019,23:00,thbs,ProductOrderingManagement_V1_0.getOrder,25,2723,3841,2809
22/07/2019,23:00,thbs,ProductOrderingManagement_V1_0.modifyOrder,26,4557,8509,4803
22/07/2019,23:00,thbs,ProfileAndPermissionsMgmt_V1_0.getPermissions,199,4589,8237,5054
22/07/2019,23:00,thbs,ProfileAndPermissionsMgmt_V1_0.getProfile,114,3077,5074,3208
22/07/2019,23:00,thbs,SubscriptionManagement_V1_0.getSubscription,117,2601,6526,2726
22/07/2019,23:00,worldPay,WorldPayNotification_V1_0.notify,134,1299,2751,1422
22/07/2019,23:15,SFDC,AccountManagement_V1_0.createAccount,26,6304,7409,6461
22/07/2019,23:15,THBS,CheckNumber_V1_0.checkNumber,72,591,2140,728
22/07/2019,23:15,THBS,Communication_V1_0.notifyCustomer,517,1084,3687,1236
22/07/2019,23:15,oxygen8,Charge_1_0.directDebit,66,1083,2694,1201
22/07/2019,23:15,soaag,PaymentManagement_V1_0.validateBankAccount,18,578,2141,846
22/07/2019,23:15,test111,AmountCharging_1_0.refundAmount,38,359,1947,425
22/07/2019,23:15,test111,BalanceManagement_1_0.balance,74,535,2228,584
22/07/2019,23:15,test111,CreditVettingFraud_V1_0.cvfEligibityStatus,25,3153,4544,3323
22/07/2019,23:15,test111,O2IE_ManageCheckPoint_1_0.getCustomerIdentityDetails_1,427,49,1738,68
22/07/2019,23:15,thbs,BillingManagement_V1_0.billingAccount,17,621,2093,778
22/07/2019,23:15,thbs,CheckTransaction_V1_0.checkTransaction,110,1132,3615,1244
22/07/2019,23:15,thbs,OrderManagement_V1_0.updateOrderDetails,71,2095,3133,2162
22/07/2019,23:15,thbs,ProductOrderingManagement_V1_0.getOrder,27,2721,5555,2914
22/07/2019,23:15,thbs,ProductOrderingManagement_V1_0.modifyOrder,33,4560,5780,4645
22/07/2019,23:15,thbs,ProfileAndPermissionsMgmt_V1_0.getPermissions,237,4592,8595,5146
22/07/2019,23:15,thbs,ProfileAndPermissionsMgmt_V1_0.getProfile,113,3082,4002,3187
22/07/2019,23:15,thbs,SubscriptionManagement_V1_0.getSubscription,129,2602,4788,2739
22/07/2019,23:15,worldPay,WorldPayNotification_V1_0.notify,138,1298,5292,1492
22/07/2019,23:30,SFDC,AccountManagement_V1_0.createAccount,27,6319,8066,6767
22/07/2019,23:30,THBS,CheckNumber_V1_0.checkNumber,77,596,1156,655
22/07/2019,23:30,THBS,Communication_V1_0.notifyCustomer,483,1081,2859,1229
22/07/2019,23:30,oxygen8,Charge_1_0.directDebit,60,1082,2709,1189
22/07/2019,23:30,soaag,PaymentManagement_V1_0.validateBankAccount,17,579,868,634
22/07/2019,23:30,test111,AmountCharging_1_0.refundAmount,34,359,456,392
22/07/2019,23:30,test111,BalanceManagement_1_0.balance,59,536,2001,640
22/07/2019,23:30,test111,CreditVettingFraud_V1_0.cvfEligibityStatus,30,3151,4486,3332
22/07/2019,23:30,test111,O2IE_ManageCheckPoint_1_0.getCustomerIdentityDetails_1,420,48,1824,75
22/07/2019,23:30,thbs,BillingManagement_V1_0.billingAccount,21,624,673,643
22/07/2019,23:30,thbs,CheckTransaction_V1_0.checkTransaction,98,1131,3733,1213
22/07/2019,23:30,thbs,OrderManagement_V1_0.updateOrderDetails,67,2095,3520,2245
22/07/2019,23:30,thbs,ProductOrderingManagement_V1_0.getOrder,26,2723,3720,2862
22/07/2019,23:30,thbs,ProductOrderingManagement_V1_0.modifyOrder,27,4555,5026,4608
22/07/2019,23:30,thbs,ProfileAndPermissionsMgmt_V1_0.getPermissions,203,4589,7049,5015
22/07/2019,23:30,thbs,ProfileAndPermissionsMgmt_V1_0.getProfile,122,3081,5267,3213
22/07/2019,23:30,thbs,SubscriptionManagement_V1_0.getSubscription,123,2604,4063,2743
22/07/2019,23:30,worldPay,WorldPayNotification_V1_0.notify,129,1300,2637,1389
22/07/2019,23:45,SFDC,AccountManagement_V1_0.createAccount,25,6306,7646,6504
22/07/2019,23:45,THBS,CheckNumber_V1_0.checkNumber,67,597,2149,678
22/07/2019,23:45,THBS,Communication_V1_0.notifyCustomer,462,1084,2901,1202
22/07/2019,23:45,oxygen8,Charge_1_0.directDebit,66,1082,2810,1232
22/07/2019,23:45,soaag,PaymentManagement_V1_0.validateBankAccount,23,579,867,672
22/07/2019,23:45,test111,AmountCharging_1_0.refundAmount,36,366,431,387
22/07/2019,23:45,test111,BalanceManagement_1_0.balance,60,535,1949,636
22/07/2019,23:45,test111,CreditVettingFraud_V1_0.cvfEligibityStatus,25,3150,4136,3261
22/07/2019,23:45,test111,O2IE_ManageCheckPoint_1_0.getCustomerIdentityDetails_1,375,51,1831,68
22/07/2019,23:45,thbs,BillingManagement_V1_0.billingAccount,15,619,663,639
22/07/2019,23:45,thbs,CheckTransaction_V1_0.checkTransaction,94,1132,2714,1261
22/07/2019,23:45,thbs,OrderManagement_V1_0.updateOrderDetails,70,2093,3553,2207
22/07/2019,23:45,thbs,ProductOrderingManagement_V1_0.getOrder,30,2721,3368,2790
22/07/2019,23:45,thbs,ProductOrderingManagement_V1_0.modifyOrder,30,4554,6858,4803
22/07/2019,23:45,thbs,ProfileAndPermissionsMgmt_V1_0.getPermissions,205,4587,7177,5035
22/07/2019,23:45,thbs,ProfileAndPermissionsMgmt_V1_0.getProfile,116,3082,5749,3223
22/07/2019,23:45,thbs,SubscriptionManagement_V1_0.getSubscription,142,2601,5223,2732
22/07/2019,23:45,worldPay,WorldPayNotification_V1_0.notify,150,1301,3916,1454
22/07/2019,24:00,SFDC,AccountManagement_V1_0.createAccount,23,6314,7844,6477
22/07/2019,24:00,THBS,CheckNumber_V1_0.checkNumber,73,596,2534,739
22/07/2019,24:00,THBS,Communication_V1_0.notifyCustomer,452,1085,3082,1225
22/07/2019,24:00,oxygen8,Charge_1_0.directDebit,51,1084,2890,1163
22/07/2019,24:00,soaag,PaymentManagement_V1_0.validateBankAccount,19,581,2045,696
22/07/2019,24:00,test111,AmountCharging_1_0.chargeAmount,6,718,760,732
22/07/2019,24:00,test111,AmountCharging_1_0.refundAmount,32,360,2137,441
22/07/2019,24:00,test111,BalanceManagement_1_0.balance,68,535,1932,582
22/07/2019,24:00,test111,CreditVettingFraud_V1_0.cvfEligibityStatus,24,3151,4189,3294
22/07/2019,24:00,test111,O2IE_ManageCheckPoint_1_0.getCustomerIdentityDetails_1,374,48,1853,68
22/07/2019,24:00,thbs,BillingManagement_V1_0.billingAccount,12,620,684,641
22/07/2019,24:00,thbs,CheckTransaction_V1_0.checkTransaction,96,1131,2687,1252
22/07/2019,24:00,thbs,OrderManagement_V1_0.updateOrderDetails,53,2095,3140,2138
22/07/2019,24:00,thbs,ProductOrderingManagement_V1_0.getOrder,29,2725,4187,2917
22/07/2019,24:00,thbs,ProductOrderingManagement_V1_0.modifyOrder,28,4557,5741,4729
22/07/2019,24:00,thbs,ProfileAndPermissionsMgmt_V1_0.getPermissions,191,4588,6644,5073
22/07/2019,24:00,thbs,ProfileAndPermissionsMgmt_V1_0.getProfile,100,3087,4930,3216
22/07/2019,24:00,thbs,SubscriptionManagement_V1_0.getSubscription,117,2599,4251,2687
22/07/2019,24:00,worldPay,WorldPayNotification_V1_0.notify,127,1299,2792,1413

Service Name,Cache hits,Cache misses,%ge of hit 

Date,Time,Service,Error,Count
22/07/2019,06:30,AccountManagement_V1_0.createAccount,accountmanagement-70-2501-F,1
22/07/2019,06:30,PaymentManagement_V1_0.getTokenizedCard,paymentmanagement-58-3613-E,1
22/07/2019,07:45,SubscriptionManagement_V1_0.getSubscription,subscriptionmanagement-54-3999-E,1
22/07/2019,07:45,SubscriptionManagement_V1_0.getSubscription,subscriptionmanagement-54-4501-V,1
22/07/2019,08:00,ProductOrderingManagement_V1_0.getOrder,productorderingmanagement-69-2502-F,1
22/07/2019,08:00,ProductOrderingManagement_V1_0.getOrder,productorderingmanagement-69-3613-E,1
22/07/2019,08:15,ProductOrderingManagement_V1_0.getOrder,productorderingmanagement-69-3613-E,2
22/07/2019,08:15,SubscriptionManagement_V1_0.getSubscription,subscriptionmanagement-54-3601-E,10
22/07/2019,08:30,ProductOrderingManagement_V1_0.getOrder,productorderingmanagement-69-3613-E,1
22/07/2019,08:30,SubscriptionManagement_V1_0.getSubscription,subscriptionmanagement-54-3601-E,15
22/07/2019,09:30,ProductOrderingManagement_V1_0.getOrder,productorderingmanagement-69-3613-E,1
22/07/2019,10:15,AccountManagement_V1_0.createAccount,accountmanagement-70-2501-F,4
22/07/2019,10:15,AccountManagement_V1_0.createAccount,accountmanagement-70-4110-V,1
22/07/2019,10:30,AccountManagement_V1_0.createAccount,accountmanagement-70-2501-F,1
22/07/2019,10:30,ProfileAndPermissionsMgmt_V1_0.getPermissions,profileandpermissionsmgmt-61-2501-F,5
22/07/2019,10:30,SMSPermissionsMgmt_V1_0.getKeywordPermissions,smspermissionsmgmt-66-4511-V,2
22/07/2019,10:45,ProductOrderingManagement_V1_0.modifyOrder,productorderingmanagement-69-2502-F,148
22/07/2019,10:45,ProductOrderingManagement_V1_0.modifyOrder,productorderingmanagement-69-3999-E,1
22/07/2019,11:15,AccountManagement_V1_0.createAccount,accountmanagement-70-2501-F,3
22/07/2019,11:15,AccountManagement_V1_0.createAccount,accountmanagement-70-2502-F,1
22/07/2019,11:15,AccountManagement_V1_0.getContacts,accountmanagement-70-2502-F,1
22/07/2019,11:15,AmountCharging_1_0.refundAmount,POL5009,2
22/07/2019,11:15,CheckTransaction_V1_0.checkTransaction,checktransaction-79-3640-E,2
22/07/2019,11:15,ProfileAndPermissionsMgmt_V1_0.getProfile,profileandpermissionsmgmt-61-2501-F,2
22/07/2019,11:15,SMSPermissionsMgmt_V1_0.getKeywordPermissions,smspermissionsmgmt-66-4511-V,2
22/07/2019,11:15,SubscriptionManagement_V1_0.getSubscription,subscriptionmanagement-54-2501-F,1
22/07/2019,11:45,ProductOrderingManagement_V1_0.modifyOrder,productorderingmanagement-69-3999-E,1
22/07/2019,12:15,AmountCharging_1_0.refundAmount,POL5009,3
22/07/2019,12:15,CheckTransaction_V1_0.checkTransaction,checktransaction-79-3640-E,1
22/07/2019,12:15,SMSPermissionsMgmt_V1_0.getKeywordPermissions,smspermissionsmgmt-66-4511-V,2
22/07/2019,12:30,AmountCharging_1_0.chargeAmount,SVC5006,6
22/07/2019,12:30,AmountCharging_1_0.refundAmount,POL5009,3
22/07/2019,12:30,AmountCharging_1_0.refundAmount,SVC5006,3
22/07/2019,12:30,CheckTransaction_V1_0.checkTransaction,checktransaction-79-3640-E,4
22/07/2019,12:30,SMSPermissionsMgmt_V1_0.getKeywordPermissions,smspermissionsmgmt-66-4511-V,7
22/07/2019,12:45,SMSPermissionsMgmt_V1_0.getKeywordPermissions,smspermissionsmgmt-66-4511-V,3
22/07/2019,13:00,AmountCharging_1_0.refundAmount,POL5009,2
22/07/2019,13:00,AmountCharging_1_0.refundAmount,SVC5006,2
22/07/2019,13:00,SMSPermissionsMgmt_V1_0.getKeywordPermissions,smspermissionsmgmt-66-4511-V,9
22/07/2019,13:45,CheckTransaction_V1_0.checkTransaction,checktransaction-79-3640-E,6
22/07/2019,13:45,ManageUpgrade_1_0.getUpgradeEligibility,manageupgrade-4-2501-F,1
22/07/2019,13:45,ManageUpgrade_1_0.getUpgradeEligibility,manageupgrade-4-3613-E,1
22/07/2019,13:45,SMSPermissionsMgmt_V1_0.getKeywordPermissions,smspermissionsmgmt-66-4511-V,10
22/07/2019,14:00,SMSPermissionsMgmt_V1_0.getKeywordPermissions,smspermissionsmgmt-66-4511-V,1
22/07/2019,14:30,AccountManagement_V1_0.createAccount,accountmanagement-70-3613-E,1
22/07/2019,14:30,CheckTransaction_V1_0.checkTransaction,checktransaction-79-3999-E,2
22/07/2019,14:30,Communication_V1_0.notifyCustomer,communication-77-2502-F,1
22/07/2019,14:30,CreditVettingFraud_V1_0.cvfEligibityStatus,creditvettingfraud-49-3613-E,2
22/07/2019,14:30,ManageTopUp_1_0.getCurrentBalance_1,managetopup-2-3601-E,1
22/07/2019,14:30,PaymentManagement_V1_0.getTokenizedCard,paymentmanagement-58-3616-E,62
22/07/2019,14:30,ProfileAndPermissionsMgmt_V1_0.getPermissions,profileandpermissionsmgmt-61-2502-F,1
22/07/2019,14:30,SMSPermissionsMgmt_V1_0.getKeywordPermissions,smspermissionsmgmt-66-2502-F,1
22/07/2019,17:00,AccountManagement_V1_0.createAccount,accountmanagement-70-2502-F,3
22/07/2019,17:00,AmountCharging_1_0.refundAmount,POL5009,2
22/07/2019,17:00,CreditVettingFraud_V1_0.cvfEligibityStatus,creditvettingfraud-49-2502-F,1
22/07/2019,17:00,ProductOrderingManagement_V1_0.getOrder,productorderingmanagement-69-2502-F,2
22/07/2019,17:00,ProfileAndPermissionsMgmt_V1_0.getPermissions,profileandpermissionsmgmt-61-2502-F,4
22/07/2019,17:00,ProfileAndPermissionsMgmt_V1_0.getProfile,profileandpermissionsmgmt-61-2502-F,3
22/07/2019,17:00,SMSPermissionsMgmt_V1_0.getKeywordPermissions,smspermissionsmgmt-66-4511-V,3
22/07/2019,17:00,SubscriptionManagement_V1_0.getSubscription,subscriptionmanagement-54-2502-F,1
22/07/2019,17:15,AmountCharging_1_0.refundAmount,POL5009,1
22/07/2019,17:15,ProfileAndPermissionsMgmt_V1_0.getPermissions,profileandpermissionsmgmt-61-2502-F,5
22/07/2019,17:15,SMSPermissionsMgmt_V1_0.getKeywordPermissions,smspermissionsmgmt-66-4511-V,4
22/07/2019,17:30,SMSPermissionsMgmt_V1_0.getKeywordPermissions,smspermissionsmgmt-66-4511-V,1
22/07/2019,17:45,SMSPermissionsMgmt_V1_0.getKeywordPermissions,smspermissionsmgmt-66-4511-V,2
22/07/2019,19:30,AmountCharging_1_0.refundAmount,POL5009,2
22/07/2019,19:30,CheckTransaction_V1_0.checkTransaction,checktransaction-79-3999-E,11
22/07/2019,19:45,AmountCharging_1_0.chargeAmount,SVC5006,17
22/07/2019,19:45,AmountCharging_1_0.refundAmount,POL5009,1
22/07/2019,19:45,AmountCharging_1_0.refundAmount,SVC5006,5
22/07/2019,19:45,CheckTransaction_V1_0.checkTransaction,checktransaction-79-3999-E,15
22/07/2019,19:45,SMSPermissionsMgmt_V1_0.getKeywordPermissions,smspermissionsmgmt-66-4511-V,1
22/07/2019,20:15,AmountCharging_1_0.chargeAmount,POL5005,181
22/07/2019,20:30,AmountCharging_1_0.chargeAmount,POL5005,229
22/07/2019,20:45,AmountCharging_1_0.chargeAmount,POL5005,234
22/07/2019,21:00,AmountCharging_1_0.chargeAmount,POL5005,220
22/07/2019,21:15,AmountCharging_1_0.chargeAmount,POL5005,258
22/07/2019,21:30,AmountCharging_1_0.chargeAmount,POL5005,225
22/07/2019,21:45,AmountCharging_1_0.chargeAmount,POL5005,236
22/07/2019,22:00,AmountCharging_1_0.chargeAmount,POL5005,216
22/07/2019,22:15,AmountCharging_1_0.chargeAmount,POL5005,270
22/07/2019,22:30,AmountCharging_1_0.chargeAmount,POL5005,229
22/07/2019,22:45,AmountCharging_1_0.chargeAmount,POL5005,216
22/07/2019,23:00,AmountCharging_1_0.chargeAmount,POL5005,204
22/07/2019,23:15,AmountCharging_1_0.chargeAmount,POL5005,246
22/07/2019,23:30,AmountCharging_1_0.chargeAmount,POL5005,222
22/07/2019,23:45,AmountCharging_1_0.chargeAmount,POL5005,249
22/07/2019,24:00,AmountCharging_1_0.chargeAmount,POL5005,214
